Date,CVol,Return,Spread,Diff
2012/3/19,1268647,0.42,0.015024551,-0.008023753
2012/2/19,1511851,-1.15,0.019249256,-0.003034576
11/29/19,586981,-0.61,0.004777924,-0.004470712
11/27/19,996329,-0.04,0.006648946,0.001103879
11/26/19,1069795,0.52,0.007392181,0.002425977
11/25/19,1036487,0.88,0.010086555,0.002964473
11/22/19,1386506,-0.46,0.013371007,0.003281208
11/21/19,995499,-0.13,0.015053598,-0.001204866
11/20/19,1309835,-0.94,0.018303212,-0.002827908
11/19/19,1269372,-0.4,0.011326836,0.00530022
11/18/19,1488083,-1.06,0.013650943,-0.001985212
11/15/19,1782955,1.79,0.015432589,0.005703567
11/14/19,1194305,1.04,0.016279566,-0.000385208
11/13/19,853861,-0.06,0.008312789,-0.003641823
2011/12/19,1085859,-0.03,0.010956267,0.000623465
2011/11/19,1012429,-0.93,0.006938939,-0.006245377
2011/8/19,1251916,0.19,0.010397523,-0.002735205
2011/7/19,2029970,1.32,0.022534878,0.001919802
2011/6/19,1152977,-0.02,0.008693296,-0.001989118
2011/5/19,1282711,0.05,0.005960465,0.001177045
2011/4/19,1500964,1.38,0.013764452,0.002127593
2011/1/19,1670072,1.08,0.011085465,0.003880614
10/31/19,1455651,-0.09,0.013353755,-7.93E-06
10/30/19,1408851,-0.11,0.013763686,-0.007642838
10/29/19,1886380,-2.12,0.019307551,-0.010674419
10/28/19,2613237,1.97,0.020751938,0.008157264
10/25/19,1213051,0.33,0.015484575,-0.007898556
10/24/19,1039868,0.15,0.00815629,0.001405733
10/23/19,928595,1.31,0.013922311,-0.000354039
10/22/19,1047851,-0.27,0.007418732,0.001364202
10/21/19,1038042,0.05,0.011257634,0.005435612
10/18/19,1352839,-0.6,0.014299593,0.000311236
10/17/19,980510,0.76,0.010681766,0.005861825
10/16/19,1168174,0.05,0.013098646,-0.001480278
10/15/19,1395259,2.13,0.021665152,0.00267841
10/14/19,882039,0.14,0.011970685,-0.002558723
2010/11/19,1277144,0.56,0.012053149,0.011202396
2010/10/19,932531,0.53,0.014611101,-0.003102361
2010/9/19,876632,1.11,0.00891617,0.008594519
2010/8/19,1141784,-1.54,0.014355033,-0.008354862
2010/7/19,867149,-0.11,0.011968071,-0.003804797
2010/4/19,1183264,1.78,0.018420182,0.003417998
2010/3/19,1663656,0.95,0.022419033,0.002864112
2010/2/19,1639237,-2.36,0.02184204,-0.00673803
2010/1/19,1358279,-1.14,0.022944154,0
09/30/19,1419676,-0.5,0.01123872,-0.003363018
09/27/19,1354432,-1.31,0.024137002,0.001304989
09/26/19,1561882,-0.41,0.010256245,-0.003658184
09/25/19,1593875,2.28,0.030653339,-0.002412288
09/24/19,1591786,-1.24,0.02958745,0.004837808
09/23/19,1075253,0.33,0.012090468,-0.003195304
09/20/19,2337269,-0.71,0.016456221,-0.004512759
09/19/19,1000155,0.51,0.01002656,-0.000283996
09/18/19,1144333,0.27,0.015481861,-0.001334255
09/17/19,958112,-0.17,0.009201481,-0.000730935
09/16/19,1053299,-0.67,0.011329489,-0.008099648
09/13/19,1301350,0.43,0.011189454,-0.002349605
2009/12/19,1725908,1.15,0.015264331,0.003384774
2009/11/19,1307033,1.17,0.016718982,-0.002147595
2009/10/19,1260115,0.13,0.01278607,-0.007688412
2009/9/19,1471880,-0.04,0.022733122,-0.000771829
2009/6/19,1072143,-0.53,0.0078783,-0.002682891
2009/5/19,1408601,2.54,0.017756608,0.008566035
2009/4/19,1068968,1.11,0.010563649,0.00712091
2009/3/19,1480420,-1.66,0.020275764,-0.009317398
08/30/19,1129959,-0.4,0.012370508,0.004736555
08/29/19,1088858,1.86,0.012524626,0.008624959
08/28/19,802243,0.27,0.016327561,-0.005249007
08/27/19,1077452,-0.09,0.017939101,0.009958165
08/26/19,1226441,1.53,0.014124511,0.005185488
08/23/19,1688271,-3.21,0.040241816,-0.006338638
08/22/19,947906,-0.14,0.016335443,0.002367261
08/21/19,741053,0.72,0.009712487,0.008844245
08/20/19,915605,-1.32,0.011795145,-0.002670116
08/19/19,1232517,1.77,0.014101548,0.010606318
08/16/19,1349436,0.89,0.009264606,0.010528931
08/15/19,1224739,0.26,0.011762589,-0.000678525
08/14/19,1578668,-2.75,0.018689502,-0.017506494
08/13/19,1318009,1.92,0.02782998,-0.00276664
2008/12/19,1003187,-1.12,0.014716653,-0.007407345
2008/9/19,1065658,-1.39,0.017068038,-0.00565239
2008/8/19,1467997,2.62,0.026552125,0.007529877
2008/7/19,1444324,0.35,0.024549783,-0.011923586
2008/6/19,1709374,1.53,0.017060558,0.009537281
2008/5/19,2597455,-3.49,0.030460289,-0.020058794
2008/2/19,1645067,-1.24,0.015042002,-0.006840307
2008/1/19,1698510,-0.63,0.023482022,-0.002178058
07/31/19,1725454,-0.69,0.02156401,-0.001746739
07/30/19,1453263,-1.15,0.009443819,-0.011295697
07/29/19,2223731,-0.88,0.015442832,-0.007485545
07/26/19,4805752,10.45,0.033229021,0.081192806
07/25/19,2209823,-0.5,0.018354945,8.79E-06
07/24/19,1590101,-0.73,0.014949772,-0.012484623
07/23/19,1093688,0.72,0.013173851,0.005210576
07/22/19,1301846,0.71,0.013188995,0.002964339
07/19/19,1647245,-1.42,0.019042563,0.001622569
07/18/19,1291281,0,0.012976194,-0.004021459
07/17/19,1170047,-0.63,0.010982684,-0.002262522
07/16/19,1238807,0.28,0.011772049,-0.003772798
07/15/19,903780,0.48,0.0099275,0.00171194
2007/12/19,863973,0.06,0.007476636,-0.000192272
2007/11/19,1195569,0.33,0.011789794,0.002428802
2007/10/19,1209466,1.39,0.009715208,0.005680858
2007/9/19,1330370,0.76,0.018540579,-0.004075783
2007/8/19,1236419,-1.35,0.013230618,-0.005673433
2007/5/19,1264540,0.89,0.014793344,-0.003370246
2007/3/19,767011,0.93,0.011501632,0.005543307
2007/2/19,991755,1.21,0.01223847,0.003907282
2007/1/19,1438504,1.58,0.012639009,0.015810752
06/28/19,1693450,0.46,0.007058867,0.000353157
06/27/19,1004477,-0.35,0.010975734,0.003889609
06/26/19,1810869,-0.6,0.019198,0.000138077
06/25/19,1546913,-2.61,0.028121692,-0.002563827
06/24/19,1395696,-0.57,0.009851908,-0.002023389
06/21/19,1947591,0.94,0.014288516,-0.001961455
06/20/19,1262011,0.82,0.013838153,0.016020611
06/19/19,1339218,-0.12,0.01226493,0.001812251
06/18/19,1386684,1.02,0.015766582,0.015734554
06/17/19,941602,0.66,0.01180778,0.000856866
06/14/19,1111643,-0.31,0.011533515,-0.002158399
06/13/19,1058000,1.09,0.012876916,0.006137248
2006/12/19,1061255,-0.16,0.012432337,-0.000667458
2006/11/19,1437063,-0.15,0.022607813,0.012588163
2006/10/19,1464248,1.35,0.018825136,0.006510075
2006/7/19,1802370,2.08,0.021124911,0.006022943
2006/6/19,1703244,0.2,0.013204512,0.002657788
2006/5/19,2168439,-1.03,0.022125847,-0.00143393
2006/4/19,2833483,1.62,0.02123356,0.006436795
2006/3/19,5130576,-6.11,0.039083987,-0.034549623
05/31/19,1508203,-1.28,0.008535469,-0.014902276
05/30/19,951873,0.13,0.009848383,-0.000824033
05/29/19,1538212,-1.56,0.018701879,-0.005845788
05/28/19,1365166,0.06,0.016282855,0.000467591
05/24/19,1112341,-0.64,0.015973074,0.0057768
05/23/19,1199300,-0.92,0.01468175,-0.009483942
05/22/19,914839,0.16,0.010969064,-0.002505154
05/21/19,1160158,0.95,0.012845524,0.008464679
05/20/19,1353292,-2.02,0.013482285,-0.015314463
05/17/19,1208623,-1.41,0.017327712,-0.008914485
05/16/19,1531404,1.27,0.021476191,0.000257685
05/15/19,2289302,3.91,0.046954072,-0.002293742
05/14/19,1836604,-1.02,0.018626611,0.00457585
05/13/19,1860648,-2.77,0.022817416,-0.019162222
2005/10/19,1314546,0.16,0.02585311,0.001040968
2005/9/19,1185973,-0.33,0.016182316,-0.006207825
2005/8/19,1309514,-0.67,0.012590824,-0.001780087
2005/7/19,1551368,-1.29,0.025040457,-0.007499643
2005/6/19,1563943,0.34,0.020674463,-0.016146448
2005/3/19,1980653,1.96,0.015016028,0.009495876
2005/2/19,1944817,-0.47,0.016503987,-0.000273954
2005/1/19,2642983,-1.72,0.017866927,-0.000361807
04/30/19,6207027,-7.7,0.014985528,-0.079668836
04/29/19,2499432,1.21,0.017843629,0.001430615
04/26/19,1241428,0.69,0.010022167,0.004392734
04/25/19,1107295,0.59,0.012171673,0.006982484
04/24/19,1018753,-0.68,0.01035828,-0.000340042
04/23/19,1319910,1.26,0.017887786,0.001481375
04/22/19,807334,1.01,0.016639441,-0.000307351
04/18/19,1331823,0,0.005977175,0.002297103
04/17/19,1221930,0.75,0.010304609,0.004783519
04/16/19,856304,0.49,0.008719533,0.003193842
04/15/19,1187519,0.27,0.012357628,0.000106744
2004/12/19,933794,1.1,0.008408122,0.004466139
2004/11/19,710231,0.2,0.006499975,0.001497305
2004/10/19,724643,0.41,0.006113995,0.002864899
2004/9/19,876381,-0.55,0.007692629,-0.006512493
2004/8/19,860363,-0.27,0.007334862,0.000613014
2004/5/19,907152,-0.65,0.009269768,-8.23E-06
2004/4/19,950747,0.75,0.009497942,1.66E-05
2004/3/19,1017838,0.45,0.01310203,0.005822622
2004/2/19,827973,0.51,0.013028014,0.000745125
2004/1/19,1252757,1.8,0.012273637,0.009196206
03/29/19,1269979,0.41,0.013730387,0.005485712
03/28/19,1012430,-0.39,0.010384171,-0.001261701
03/27/19,1400240,-0.98,0.024031133,0.000742854
03/26/19,1901156,-0.7,0.022040823,0.004635373
03/25/19,1496843,-1.04,0.016225901,-0.007109083
03/22/19,1714247,-2.11,0.022542513,-0.004238596
03/21/19,1204045,0.62,0.015135521,-0.006511598
03/20/19,2227786,2.1,0.025302908,-0.001251199
03/19/19,1520688,1.23,0.011786295,0.003842062
03/18/19,1292633,-0.02,0.010621738,-0.000979349
03/15/19,2459957,-0.09,0.011785962,0.00660453
03/14/19,1172815,-0.65,0.011302771,0.000997218
03/13/19,1435936,0.01,0.007533604,0.006239524
2003/12/19,2013115,1.48,0.018219913,0.002126284
2003/11/19,1719192,2.93,0.026995305,0.001864626
2003/8/19,1212489,-0.09,0.020817284,-0.014493134
2003/7/19,1166559,-1.26,0.019106971,-0.001848237
2003/6/19,1099289,-0.36,0.010429413,0.000395859
2003/5/19,1443174,1.24,0.020150082,0.001968984
2003/4/19,1446047,0.6,0.024037637,0.005258591
2003/1/19,1450316,1.88,0.015968589,0.004446746
02/28/19,1542609,0.35,0.014858204,-0.004256082
02/27/19,968760,0.08,0.015214372,-0.007335468
02/26/19,1471743,0.52,0.017567459,-0.003290067
02/25/19,1413061,-0.09,0.010158644,0.005070382
02/22/19,1049545,1.22,0.014085395,0.003582596
02/21/19,1415473,-1.51,0.01770331,-0.002657569
02/20/19,1087817,-0.43,0.016277608,0.001278429
02/19/19,1046628,0.44,0.010629738,-0.003277511
02/15/19,1449830,-0.72,0.018874871,0.007497749
02/14/19,947632,0.13,0.015855822,-0.001883659
02/13/19,1049781,-0.11,0.014489002,0.003228194
2002/12/19,1609513,2.41,0.017340396,0.010767025
2002/11/19,1065194,0,0.011949663,0.001725933
2002/8/19,1075769,-0.33,0.011287053,-0.010657953
2002/7/19,2044827,-1.48,0.017147382,-0.009926204
2002/6/19,2105592,-2.68,0.03069322,-0.005602143
2002/5/19,3552194,1.16,0.025830941,-0.007026836
2002/4/19,2576470,1.99,0.020992232,0.001719559
2002/1/19,1462208,-0.5,0.018104884,-0.003556169
01/31/19,1538324,2.51,0.019635067,0.012800029
01/30/19,1279822,2.68,0.022175087,0.007363618
01/29/19,1021819,-0.88,0.018183044,0.002429725
01/28/19,1284281,-1.92,0.017942584,-0.009972594
01/25/19,1119216,1.59,0.011164172,0.010336158
01/24/19,1361673,-0.16,0.017483006,0.000846063
01/23/19,966956,0.47,0.023410843,0.006380077
01/22/19,1613527,-2.53,0.026192878,-0.00934205
01/18/19,1955559,0.77,0.015890591,0.009266905
01/17/19,1242664,0.83,0.016790531,-0.001387643
01/16/19,1331819,0.35,0.012058614,0.002645871
01/15/19,1463570,3.11,0.030367173,0.005245575
01/14/19,1144263,-1.18,0.009835454,-0.009714432
2001/11/19,1520756,-1.23,0.014467598,-0.006680183
2001/10/19,1456421,-0.4,0.012556875,-0.006513688
2001/9/19,1199272,-0.15,0.015102451,0.004989408
2001/8/19,1765267,0.74,0.022326904,0.007225826
2001/7/19,1981874,-0.22,0.018008312,0.000737828
2001/4/19,2093894,5.38,0.040554585,0.016268724
2001/3/19,1841066,-2.85,0.042231758,-0.004637376
2001/2/19,1532608,0.99,0.03500502,-0.018385299
12/31/18,1493722,-0.14,0.028109037,0.013383731
12/28/18,1413772,-0.65,0.02165696,0.005498716
12/27/18,2109777,0.43,0.044918956,-0.021463067
12/26/18,2373270,6.48,0.054836165,0.013101555
12/24/18,1590328,-0.34,0.03424433,-0.005757805
12/21/18,4595891,-2.96,0.051381261,0.005835092
12/20/18,2673464,-1.33,0.037507059,-0.004770237
12/19/18,2479338,-0.55,0.052736532,0.005132642
12/18/18,2192533,1.2,0.027257439,0.009404543
12/17/18,2385364,-2.45,0.044514181,-0.004404568
12/14/18,1686619,-1.86,0.020928894,-0.011225162
12/13/18,1329768,-0.17,0.024323948,0.004127181
2012/12/18,1523804,1.13,0.017730897,0.01545044
2012/11/18,1394731,1.17,0.019738531,0.016295512
2012/10/18,1807725,0.29,0.02420278,-0.001476008
2012/7/18,2101206,-3.01,0.045109881,-0.008159217
2012/6/18,2769225,1.7,0.037829854,-0.015759121
2012/4/18,2345166,-5.03,0.05180716,-0.002991604
2012/3/18,1990758,1.1,0.018966767,0.026232834
11/30/18,2580612,0.56,0.016163665,0.000707525
11/29/18,1468859,0.19,0.016764679,-0.009344246
11/28/18,2475419,4,0.047025032,0.004165031
11/27/18,1803164,-0.4,0.018278262,-0.007266693
11/26/18,1942822,2.42,0.014685968,0.014132516
11/23/18,691462,-1.32,0.014836504,-0.007334162
11/21/18,1534274,1.16,0.014543036,0.010723756
11/20/18,2449130,0.56,0.034822961,-0.019607843
11/19/18,1858614,-3.91,0.043656765,-0.004041489
11/16/18,1658116,-0.3,0.016976137,-0.004977881
11/15/18,1836084,2.02,0.037634661,0.001006075
11/14/18,1565945,0.73,0.022578522,0.013464601
11/13/18,1513702,-0.25,0.024569278,0.00448668
2011/12/18,1471758,-2.58,0.029962547,-0.004464663
2011/9/18,1343313,-1.5,0.021057075,-0.007769771
2011/8/18,1488182,-1.01,0.019461567,-0.001838319
2011/7/18,2058356,3.56,0.027035184,0.012492778
2011/6/18,1233306,1.51,0.024886106,-0.000586488
2011/5/18,2441430,-1.67,0.035794979,-0.002637575
2011/2/18,1839043,-1.14,0.026815341,0.003485981
2011/1/18,1481979,-0.63,0.020107477,-0.000900842
10/31/18,2529768,3.91,0.032448898,0.022775306
10/30/18,3212657,1.58,0.035456133,-0.011391263
10/29/18,3880723,-4.8,0.099217708,0.01026627
10/26/18,4187586,-2.2,0.067608052,-0.053433373
10/25/18,2545839,4.27,0.037815931,0.020062624
10/24/18,1982430,-4.8,0.054610692,0.000507389
10/23/18,1848654,0.23,0.034330292,-0.018407861
10/22/18,1514220,0.43,0.019279669,0.006019371
10/19/18,1267649,0.78,0.020620907,0.004963372
10/18/18,2094524,-2.48,0.041131649,0.005512284
10/17/18,1467226,-0.5,0.024021009,0.00461972
10/16/18,1928540,2.66,0.019370719,0.01129778
10/15/18,1372393,-1.61,0.022381689,-0.001053978
2010/12/18,2101303,2.85,0.025762107,0.026572286
2010/11/18,2950120,-0.18,0.035327799,-0.007658016
2010/10/18,2675742,-5.06,0.047205934,-0.006796509
2010/9/18,1308764,-0.88,0.014732794,-0.002454372
2010/8/18,1932355,-0.72,0.035367677,-0.00625567
2010/5/18,1184452,-0.93,0.02452145,-0.000590657
2010/4/18,2209490,-2.89,0.035896558,-0.006334428
2010/3/18,1256214,0.24,0.010457625,0.004074626
2010/2/18,1687914,0.4,0.019439885,-0.003639223
2010/1/18,1357604,0.15,0.01639742,0.005379272
09/28/18,1380629,-0.1,0.009141411,-0.00231869
09/27/18,1260754,1.2,0.015460725,0.005285941
09/26/18,1462253,-0.35,0.016488916,0.000422066
09/25/18,977731,0.96,0.015937197,0.002369244
09/24/18,1271017,0.62,0.026496331,-0.007649495
09/21/18,4405584,-1.75,0.022442522,0.004322293
09/20/18,1225387,1.35,0.013927389,0.007599757
09/19/18,1191386,0.85,0.015908256,0.003237974
09/18/18,1203686,0.45,0.01635349,0.000899615
09/17/18,1306522,-1.41,0.020076986,-0.002038327
09/14/18,943978,-0.24,0.010315728,0.00320761
09/13/18,1431214,1.08,0.013409,0.006811028
2009/12/18,1295472,-1.23,0.017414561,-0.003941021
2009/11/18,1209565,1.09,0.019059591,-0.00258449
2009/10/18,1115796,-0.02,0.012390095,0.006318519
2009/7/18,1401404,-0.56,0.015491531,-0.010901113
2009/6/18,1888467,-1.27,0.029280202,-0.000151709
2009/5/18,2061309,-0.88,0.031192772,-0.00267335
2009/4/18,1831045,-1.74,0.017117794,-0.011426789
08/31/18,1816426,-1.69,0.022471536,-0.003341081
08/30/18,1331439,-0.81,0.016983827,-0.004058273
08/29/18,1309312,1.47,0.011447371,0.005117167
08/28/18,1304007,-0.86,0.011253706,-0.000426793
08/27/18,1156255,1.73,0.013990756,0.005693688
08/24/18,946840,1.27,0.012527096,0.002853872
08/23/18,992604,-0.16,0.014136621,-0.000157372
08/22/18,887389,0.48,0.010635038,-0.00134818
08/21/18,1205580,-0.51,0.014069506,0.000190434
08/20/18,870772,0.57,0.013556969,0.003380629
08/17/18,1389645,-0.46,0.017302824,-0.003696674
08/16/18,1343161,-0.65,0.019436464,0.008522868
08/15/18,1828814,-2.23,0.021187767,-0.010337332
08/14/18,1348194,0.57,0.016713228,0.000145748
08/13/18,997346,-0.21,0.01265763,-0.000509046
2008/10/18,1108919,-0.92,0.011065683,-0.004883516
2008/9/18,848601,0.28,0.007631094,0.003444096
2008/8/18,1370913,0.27,0.014845497,-0.001408768
2008/7/18,1493980,1.42,0.012075156,0.009985548
2008/6/18,1081723,0.09,0.008402476,0.001054171
2008/3/18,1089896,-0.2,0.012208775,0.002829996
2008/2/18,1531299,0.5,0.020462423,-0.011565479
2008/1/18,1567264,0.23,0.019065417,0.008823094
07/31/18,1644722,-0.2,0.018063191,0.000221359
07/30/18,1849904,-1.51,0.019222129,-0.008469923
07/27/18,2130558,-2.35,0.034630602,0.00210513
07/26/18,2405638,0.37,0.016360726,-0.010049854
07/25/18,2139999,1.25,0.021152172,-0.007171015
07/24/18,3318204,3.53,0.024389462,0.047357943
07/23/18,2619234,1.74,0.021144753,-0.003291389
07/20/18,1248400,-0.17,0.010667477,0
07/19/18,1276667,-0.75,0.014052706,-0.004080677
07/18/18,1393606,-0.24,0.011840653,-0.001868535
07/17/18,1610353,1.26,0.027060394,-0.009832244
07/16/18,1055662,-0.42,0.009899819,0.000479467
07/13/18,1222072,0.45,0.012968658,0.001284348
2007/12/18,1251884,2.56,0.024060398,0.005191091
2007/11/18,1119993,0.09,0.020183551,-0.00715624
2007/10/18,798412,-0.1,0.008674231,0.002538885
2007/9/18,908969,1.22,0.009748278,0.007288387
2007/6/18,996079,1.41,0.017710517,-0.000613732
2007/5/18,1066685,1.94,0.016917644,0.006927255
2007/3/18,679034,-2.18,0.032460173,0.007414897
2007/2/18,1217311,1.06,0.03033367,-0.014924035
06/29/18,1315121,0.13,0.011855331,0.005187485
06/28/18,1072438,0.93,0.023603956,-0.001711988
06/27/18,1293892,-1.29,0.025558615,0.002574969
06/26/18,1563225,-0.56,0.014798115,0.002836035
06/25/18,2157310,-2.65,0.027675785,-0.010281441
06/22/18,1310967,-0.19,0.013186295,0.001278441
06/21/18,1238118,-1.04,0.021649707,0.004282637
06/20/18,1648536,0.15,0.014639267,0.006206873
06/19/18,1621018,-0.46,0.014776638,-0.012748624
06/18/18,1413692,1.84,0.026178992,-0.007472272
06/15/18,2122476,0.01,0.008622186,-0.002829566
06/14/18,1350868,1.53,0.012871923,0.007983856
06/13/18,1506407,-0.4,0.011561611,0.00157989
2006/12/18,912018,0.83,0.007947723,0.000955761
2006/11/18,1079294,0.81,0.01651342,-0.002025213
2006/8/18,1290845,-0.27,0.012954223,-0.00505401
2006/7/18,1520020,-1.15,0.017172957,-0.004890578
2006/6/18,1698247,-0.24,0.015179351,0.002202411
2006/5/18,1677973,0.03,0.011010301,0.001492157
2006/4/18,1889579,1.77,0.017453853,0.002527914
2006/1/18,2421598,3.18,0.019205002,0.013235145
05/31/18,3088305,1.61,0.027309007,-0.000224761
05/30/18,1138457,0.71,0.011593931,0.002555832
05/29/18,1865139,-1.43,0.017117474,-0.010012457
05/25/18,899406,-0.33,0.008167079,-0.000203847
05/24/18,766773,-0.04,0.013268596,-0.000639072
05/23/18,1060683,0.93,0.017662477,-0.004300151
05/22/18,1090002,-0.91,0.018602825,0.003686619
05/21/18,1023211,1.24,0.013292206,0.007220826
05/18/18,1565240,-1.13,0.008683747,-0.015510991
05/17/18,1043766,-0.29,0.012395813,-0.001737893
05/16/18,1097317,0.24,0.012026586,-0.001779046
05/15/18,1494872,-1.91,0.015362805,-0.009271042
05/14/18,1518077,0.18,0.010579895,0.001584324
2005/11/18,1253665,0.06,0.00948728,-0.003617081
2005/10/18,1443025,1.37,0.013484334,0.00302006
2005/9/18,2032818,2.74,0.026852673,0.003975672
2005/8/18,1217721,-0.08,0.012719302,0.00355521
2005/7/18,1466065,0.63,0.013822657,0.000973087
2005/4/18,1938658,2.39,0.030156171,-0.006661978
2005/3/18,1815058,-0.06,0.02284316,-0.005251957
2005/2/18,1603081,-1.25,0.017102052,-0.008878734
2005/1/18,1427857,1.96,0.029171607,-0.003607482
04/30/18,1671254,-1.23,0.019806749,-3.88E-05
04/27/18,1619796,-0.96,0.023212465,0.005730549
04/26/18,2079533,1.85,0.028643129,0.00815723
04/25/18,2391105,0.12,0.016823675,0.005431479
04/24/18,4760260,-4.45,0.045500892,-0.014473746
04/23/18,2341258,-0.51,0.020628601,0.004566806
04/20/18,1889686,-1.36,0.021230987,-0.005240416
04/19/18,1747671,1.46,0.023889859,-0.002499813
04/18/18,1344138,-0.19,0.010451645,0.003044239
04/17/18,2320266,3.49,0.027575035,0.012900056
04/16/18,1211208,0.85,0.01589626,0.007510177
04/13/18,1223017,-0.31,0.022773422,0.008106459
2004/12/18,1359389,1.23,0.01864902,0.004970734
2004/11/18,1483881,-1.13,0.015190741,-0.003538056
2004/10/18,2029648,1.59,0.0241751,0.010822788
2004/9/18,1751559,0.84,0.025131715,0.00969177
2004/6/18,1746430,-2.02,0.028191532,-0.007598681
2004/5/18,1363049,0.26,0.022045806,0.015792965
2004/4/18,2484651,1.16,0.034841583,-0.019735349
2004/3/18,2275076,0.69,0.02656378,0.007392173
2004/2/18,2680400,-2.45,0.044144386,-0.00869363
03/29/18,2726830,2.71,0.038864498,0.007037907
03/28/18,3369275,-0.05,0.043392132,-0.007063974
03/27/18,3095315,-4.57,0.067574769,0.009295392
03/26/18,2665131,3.1,0.044843858,0.023914171
03/23/18,2156672,-2.62,0.041250232,-0.001954093
03/22/18,2666964,-3.83,0.035259465,-0.00825022
03/21/18,1878873,-0.62,0.019387925,-0.004527607
03/20/18,1831896,-0.19,0.019804866,-0.000745577
03/19/18,2805937,-3.16,0.029986725,-0.013841318
03/16/18,3091954,-1.2,0.021061344,0.003966666
03/15/18,1472226,0.01,0.023086693,0.000408877
03/14/18,1291415,0.99,0.01491966,0.006185368
03/13/18,1907171,-2.26,0.038157744,0.004723057
2003/12/18,2172272,0.38,0.01685702,0.00328437
2003/9/18,2128038,3.02,0.024429675,0.008880995
2003/8/18,1355125,1.47,0.013143872,0.005118777
2003/7/18,1292537,1.33,0.024095833,-0.005360437
2003/6/18,1532783,0.38,0.011026793,0.007599021
2003/5/18,1202174,1.11,0.025757748,-0.003503504
2003/2/18,2271551,0.88,0.031405201,-0.015371382
2003/1/18,2515910,-3.19,0.040316217,0.002842323
02/28/18,1882600,-1.21,0.021987273,0.004238614
02/27/18,1774080,-2.23,0.023285552,-0.002194536
02/26/18,1559079,1.51,0.015095082,0.000896352
02/23/18,1260968,1.82,0.020027246,0.005430903
02/22/18,1317166,-0.42,0.018280726,0.004364101
02/21/18,1512910,0.81,0.024870877,0.00363732
02/20/18,1423145,0.7,0.023066597,-0.003863719
02/16/18,1681612,0.48,0.014940263,-0.001018797
02/15/18,1843442,1.85,0.024909501,0.008759465
02/14/18,1555787,1.67,0.023342993,-0.002994012
02/13/18,1265054,0.02,0.013575516,-0.006597334
2002/12/18,2057718,1.36,0.019556248,0.009847945
2002/9/18,3505862,3.62,0.049538438,0.015706127
2002/8/18,2859136,-4.49,0.057872035,0.006513571
2002/7/18,2369232,-2.96,0.031967041,0.000869887
2002/6/18,3447956,2.35,0.054204423,-0.027107407
2002/5/18,3798301,-5.05,0.054906232,-0.019156399
2002/2/18,4857943,-4.78,0.014202716,-0.039136765
2002/1/18,2412114,-0.19,0.014113214,-0.006265279
01/31/18,1538688,0.54,0.011855309,0.005912227
01/30/18,1556346,-1.01,0.01117136,-0.006592491
01/29/18,1378913,-0.02,0.012683101,0.000544292
01/26/18,2018755,0.47,0.015078582,0.004024368
01/25/18,1480540,0.53,0.011261396,0.007120525
01/24/18,1416625,-0.49,0.016156463,0.00629076
01/23/18,1333056,1.23,0.011005923,0.003495384
01/22/18,1617975,1.61,0.021430771,-1.76E-05
01/19/18,1778229,0.68,0.008404322,0.001805645
01/18/18,1198234,-0.19,0.013285655,-0.000503542
01/17/18,1202639,0.91,0.013772328,0.003975895
01/16/18,1575261,-0.04,0.019682018,0.009133356
2001/12/18,1720533,1.51,0.020619108,-0.002813156
2001/11/18,978292,0.26,0.006273066,0.003346605
2001/10/18,1042793,-0.33,0.007699912,-0.008280151
2001/9/18,902541,-0.06,0.008442229,0.002222343
2001/8/18,1047603,0.43,0.008717726,0
2001/5/18,1279123,1.46,0.011113833,0.006995582
2001/4/18,1004605,0.36,0.008807345,0.005099401
2001/3/18,1430170,1.64,0.02132141,-0.000647887
2001/2/18,1237564,1.78,0.020384977,0.001853976
12/29/17,887511,-0.17,0.004587156,-0.001354781
12/28/17,837121,-0.12,0.009521629,0.002125085
12/27/17,1271911,-0.7,0.009834472,0.000615099
12/26/17,761237,-0.32,0.009387361,-0.001933743
12/22/17,755095,-0.33,0.004490058,-0.002369245
12/21/17,995703,-0.12,0.007085359,0
12/20/17,1268582,-0.54,0.011136673,0.001027384
12/19/17,1338725,-0.6,0.012412672,-0.001801066
12/18/17,1554552,1.22,0.015309059,0.001775999
12/15/17,3275931,1.43,0.017027035,0.005204213
12/14/17,1558835,0.82,0.014669018,0.004218679
12/13/17,1282677,0.01,0.007961676,0.005420575
2012/12/17,1279659,-0.06,0.015973685,-0.001411968
2012/11/17,1192838,0.39,0.011285755,-0.001494624
2012/8/17,1290774,0.59,0.009187407,0.006363187
2012/7/17,1458242,1.23,0.015683897,0.002013001
2012/6/17,1271964,1.32,0.02339991,-0.003631299
2012/5/17,2067318,0.65,0.032164354,-0.002743622
2012/4/17,1906439,-1.14,0.020557135,0.002464932
2012/1/17,1909566,-1.1,0.020263619,-0.005492408
11/30/17,1724031,-0.02,0.013207135,0.000694947
11/29/17,2459426,-2.46,0.027827262,-0.004515901
11/28/17,1424394,-0.65,0.021362217,0.000834748
11/27/17,1307881,1.31,0.016144791,-0.000586195
11/24/17,536996,0.45,0.007858852,-8.69E-05
11/22/17,746878,0.14,0.007988725,0.000492997
11/21/17,1096999,1.58,0.012039749,0.004841022
11/20/17,953470,-0.07,0.005017773,0.001148083
11/17/17,1397064,-1.3,0.016357731,0.00146247
11/16/17,1129688,1.14,0.012978208,0.001577024
11/15/17,853992,-0.5,0.008492423,-0.006617934
11/14/17,959222,0.02,0.012339181,-0.003080673
11/13/17,885779,-0.23,0.008783817,-0.004523038
2011/10/17,720676,-0.31,0.005330376,-0.0046545
2011/9/17,1245246,-0.83,0.013890193,-0.005635428
2011/8/17,1088716,0.63,0.014494398,-0.002719364
2011/7/17,1112331,0.72,0.008554866,0.001335413
2011/6/17,1125185,-0.64,0.009620821,-0.003380211
2011/3/17,1076350,0.67,0.011951805,-0.003383451
2011/2/17,1048970,0.01,0.014703875,-0.003647001
2011/1/17,1373444,0.87,0.012403706,0.00056067
10/31/17,1331391,-0.05,0.013357727,-0.001858206
10/30/17,2085062,-0.21,0.017176117,-0.005170367
10/27/17,5167689,4.8,0.03943018,0.037663486
10/26/17,2042149,-0.08,0.015834499,0.006852763
10/25/17,1211262,0.29,0.015996527,-0.002235869
10/24/17,1212153,0.22,0.011570878,0.001600496
10/23/17,1478448,-2,0.024162321,0.001335762
10/20/17,1183186,0.38,0.006496661,0.00506882
10/19/17,1313575,-0.84,0.010655696,-0.006859319
10/18/17,1057581,0.06,0.009815846,-0.000413231
10/17/17,1290186,0.02,0.007911871,-0.00172379
10/16/17,910543,0.23,0.009986391,0.002445235
10/13/17,1169777,0.19,0.008295611,0.004221374
2010/12/17,1262793,-0.14,0.009232358,-0.00181956
2010/11/17,1693274,1.71,0.018660601,0.001151553
2010/10/17,968362,-0.45,0.01592628,0.003070624
2010/9/17,891355,-0.19,0.009534289,0.001133937
2010/6/17,1173882,0.92,0.0164472,-0.003360963
2010/5/17,1213816,1.92,0.016217164,0.004003447
2010/4/17,952391,-0.64,0.010192502,-0.000824815
2010/3/17,888346,0.47,0.009250462,0.000765785
2010/2/17,1283444,-0.61,0.015420605,0.000907091
09/29/17,1580994,1.01,0.00862925,0.002632965
09/28/17,1020312,0.53,0.010679305,-0.003313958
09/27/17,2239441,2.12,0.023462398,0.003113985
09/26/17,1666861,0.42,0.010466449,0.002985982
09/25/17,1856822,-0.81,0.018133055,-0.003317071
09/22/17,1052704,-0.42,0.008885012,-0.005040485
09/21/17,1290607,0.09,0.013620033,0.001524292
09/20/17,1669763,1.06,0.012752528,0.001269242
09/19/17,936654,0.74,0.010707087,0.002644809
09/18/17,1306922,-0.57,0.012546448,-0.000304252
09/15/17,2505430,-0.52,0.0110074,-0.000486429
09/14/17,1397644,-1.07,0.009479954,-0.004106557
09/13/17,1102631,0.32,0.007902983,-0.001512762
2009/12/17,1134397,0.32,0.01032004,0.003777931
2009/11/17,1266991,0.28,0.012334783,0.008364814
2009/8/17,1011538,-1.01,0.013070696,0.000576954
2009/7/17,1212743,0.88,0.01366526,0.004225003
2009/6/17,1527650,-0.07,0.012551061,0.001831009
2009/5/17,1348292,-0.95,0.016199041,-0.004544776
2009/1/17,947374,-0.21,0.007820001,0.001916259
08/31/17,1582579,1.05,0.010880095,0.002355928
08/30/17,1301225,0.9,0.012015233,-0.001345939
08/29/17,1185564,0.82,0.019896015,-0.009531522
08/28/17,1086484,-0.23,0.008070605,0.000120102
08/25/17,1053376,-0.59,0.010978393,0.002398836
08/24/17,1270306,-0.62,0.016650747,0.001790723
08/23/17,1090248,0.25,0.011402373,-0.002984784
08/22/17,1166737,1.99,0.015556457,0.006683873
08/21/17,943441,-0.44,0.010588313,-0.000735722
08/18/17,1342689,-0.03,0.008917281,-0.000735472
08/17/17,1277238,-1.72,0.017431777,-0.001272978
08/16/17,1006711,0.51,0.00998425,0.003328924
08/15/17,883369,-0.05,0.0072975,0.001690745
08/14/17,1064530,0.91,0.007020928,0.00890211
2008/11/17,1206782,0.79,0.013342228,0.000804638
2008/10/17,1823967,-1.7,0.014472466,-0.005796944
2008/9/17,1192081,-0.42,0.009459248,-0.006668177
2008/8/17,1061579,-0.28,0.011010585,-0.002442541
2008/7/17,1032239,0.15,0.005595248,0.001185396
2008/4/17,1082267,0.47,0.007841717,0.00335625
2008/3/17,1202512,-0.72,0.010826612,-5.37E-05
2008/2/17,1824448,-0.05,0.017111104,-0.002384968
2008/1/17,1277734,0.04,0.008795376,0.002020419
07/31/17,1970095,-1.17,0.018860828,0.000382356
07/28/17,1846351,0.8,0.01734411,-0.005020929
07/27/17,3212996,-1.45,0.034022418,0.004199198
07/26/17,2088256,-0.31,0.013421819,0.004186389
07/25/17,4660979,-3.02,0.015041548,-0.02706204
07/24/17,3248347,0.76,0.015739437,-0.000719484
07/21/17,1711000,0.49,0.013444065,-0.006094097
07/20/17,1624463,-0.28,0.014863399,0.004233229
07/19/17,1224540,0.57,0.009280145,0.00252745
07/18/17,1153964,1.26,0.018065051,-0.000440519
07/17/17,1165537,-0.27,0.012061106,0.001056496
07/14/17,1053774,0.93,0.009314951,0.005110013
07/13/17,1294687,0.35,0.012078213,0.002606402
2007/12/17,1532144,1.48,0.012534037,0.009235665
2007/11/17,1113235,0.14,0.010138804,0.000796727
2007/10/17,1192825,1.11,0.01161714,0.003461827
2007/7/17,1637785,1.31,0.013814651,0.002382292
2007/6/17,1424503,-0.55,0.016813244,-0.008325016
2007/5/17,1813884,1.45,0.017560408,0.003404918
2007/3/17,1710373,-1.1,0.021308557,0.003796507
06/30/17,2090226,-0.99,0.01952175,0.00899988
06/29/17,3299176,-2.41,0.022488805,-0.011238822
06/28/17,2721406,1.42,0.02844262,0.001800869
06/27/17,2579930,-2.62,0.023120141,-0.0103017
06/26/17,1598355,-1.38,0.023648755,0.004463592
06/23/17,1527856,0.89,0.012220508,-0.000271657
06/22/17,941958,-0.25,0.006446625,-0.000781698
06/21/17,1202233,0.93,0.009734744,0.003166321
06/20/17,1125990,-0.7,0.012212954,0.000156679
06/19/17,1533336,1.87,0.011427139,0.010832322
06/16/17,3094711,-0.27,0.011114303,-0.002451423
06/15/17,2133050,-0.89,0.020056033,-0.017659557
06/14/17,1489715,-0.28,0.019878834,0.006838683
06/13/17,2013337,1.11,0.016666667,0.009555626
2006/12/17,3763529,-0.73,0.03618861,-0.010812461
2006/9/17,3309389,-3.41,0.051451312,0.001108388
2006/8/17,1481916,0.24,0.007494331,0.001294492
2006/7/17,1453874,0.46,0.008541607,0.003153896
2006/6/17,1814624,-0.72,0.013424537,-0.000528627
2006/5/17,1252106,0.83,0.012005937,0.00097376
2006/2/17,1750955,0.89,0.010127101,0.002595791
2006/1/17,1410458,0.22,0.011882724,0.004238957
05/31/17,2448067,-1.13,0.019785254,-0.000881256
05/30/17,1466654,0.45,0.006875845,-0.001194067
05/26/17,1252010,0.2,0.01024221,0.000165027
05/25/17,1660474,1.53,0.017698084,0.002481779
05/24/17,1034199,0.65,0.005853648,0.004384393
05/23/17,1270817,0.74,0.009371166,0.006434077
05/22/17,1120385,0.84,0.007307668,0.001059946
05/19/17,1393024,0.41,0.007232257,0.001322239
05/18/17,1596897,1.15,0.015501376,0.00150062
05/17/17,2362072,-2.48,0.023044801,-0.007773065
05/16/17,969479,0.63,0.005864263,0.003116063
05/15/17,1108496,0.52,0.00950826,0.000783077
2005/12/17,1050601,0.17,0.005996439,0.000999355
2005/11/17,835386,0.2,0.01020836,-0.003725317
2005/10/17,1173925,-0.36,0.0073645,-0.000203825
2005/9/17,1581809,-0.23,0.008549943,0.002836348
2005/8/17,1329825,0.77,0.012485283,-0.001089383
2005/5/17,1911275,-0.49,0.010462395,0.002017904
2005/4/17,1422144,0.5,0.012171822,-0.001046341
2005/3/17,1499532,1.16,0.016781865,-0.001724063
2005/2/17,1587219,0.42,0.012349265,-0.003232629
2005/1/17,2115993,0.73,0.015593324,-0.004437282
04/28/17,3276255,3.63,0.012230121,0.041647126
04/27/17,2026816,0.29,0.005742065,0.00214516
04/26/17,1237167,-0.07,0.009523476,0.002212542
04/25/17,1671972,1.11,0.01397455,0.002596319
04/24/17,1372541,2.32,0.015751773,0.009499638
04/21/17,1323583,0.18,0.003889989,0.001461415
04/20/17,959031,0.41,0.006986277,0.00385345
04/19/17,954330,0.17,0.007074599,0.00354915
04/18/17,836722,-0.04,0.007432901,-0.003523777
04/17/17,895015,1.65,0.015862967,0.001760649
04/13/17,1122362,-0.09,0.005998349,-0.002644604
2004/12/17,900480,0.12,0.006842003,-0.001724661
2004/11/17,1079732,-0.17,0.012639339,-2.43E-05
2004/10/17,978905,0.01,0.006765851,0.000873077
2004/7/17,1057253,-0.39,0.009667261,9.66E-05
2004/6/17,1254433,-0.42,0.011994492,0.001190748
2004/5/17,1555328,-0.38,0.014108563,0.001126329
2004/4/17,1045363,-0.47,0.007361516,-0.008574325
2004/3/17,1671503,1.08,0.013869179,-0.000409856
03/31/17,1401893,-0.23,0.005123198,-0.003042694
03/30/17,1055339,0.01,0.005628382,0.002513802
03/29/17,1786321,1.28,0.012490684,0.004970034
03/28/17,1620542,0.17,0.014572675,0.001098217
03/27/17,1894990,0.62,0.022281607,-0.009184338
03/24/17,1981006,-0.39,0.016011198,0.003057805
03/23/17,3487056,-1.45,0.012614056,-0.010354512
03/22/17,1401465,-0.1,0.010089261,0.00174602
03/21/17,2463484,-2.11,0.029477639,0.003536068
03/20/17,1231521,-0.44,0.005975955,-0.002476177
03/17/17,1716471,0.39,0.007381589,0.003334197
03/16/17,977560,0.19,0.005560923,0.002160057
03/15/17,1381474,0.19,0.00927762,0.002329652
03/14/17,780198,0.01,0.007615714,-0.002247085
03/13/17,1223647,0.27,0.006427845,0.000889416
2003/10/17,1704024,0.54,0.006415654,0.005484809
2003/9/17,1261517,0.4,0.009288406,0.000754157
2003/8/17,989773,0.42,0.007613393,0.001923285
2003/7/17,1037630,0.5,0.008282146,-0.000459059
2003/6/17,1109037,-0.16,0.007828167,-0.002569113
2003/3/17,896378,-0.19,0.00676533,-8.43E-05
2003/2/17,942476,-0.55,0.00586302,-0.001664192
2003/1/17,1496540,1.46,0.01076936,0.006851229
02/28/17,2260769,-0.73,0.010131072,-0.004425526
02/27/17,1101466,0.08,0.007838125,-0.004935798
02/24/17,1392202,-0.32,0.005792624,-0.00433041
02/23/17,1472771,0.07,0.011523703,-0.000770379
02/22/17,987248,-0.11,0.005549136,-0.003607243
02/21/17,1262337,0.43,0.006132314,0.0007125
02/17/17,1611039,0.47,0.00774693,-0.001383227
02/16/17,1287626,0.63,0.006576393,0.001159979
02/15/17,1313617,-0.18,0.005531271,-0.001328539
02/14/17,1054732,0.15,0.008531903,-0.000292954
02/13/17,1213324,0.68,0.006675699,0.002863569
2002/10/17,1134976,0.51,0.006722627,0.002643411
2002/9/17,990391,0.15,0.007559662,0.001397857
2002/8/17,1155990,0.17,0.010700042,3.72E-05
2002/7/17,1241221,0.7,0.010805854,0.003306961
2002/6/17,1184483,-0.02,0.008011506,-0.00223334
2002/3/17,1463448,0.37,0.007024417,0.005585263
2002/2/17,1532138,0.36,0.013399622,-0.002381566
2002/1/17,2029744,-0.14,0.01256763,0.003627054
01/31/17,2160556,-0.69,0.013466534,-0.006805265
01/30/17,3246573,-2.55,0.019992023,-0.010506371
01/27/17,2965771,-1.06,0.026126246,0.003076368
01/26/17,2973891,-0.42,0.013206754,0.002560819
01/25/17,1627304,1.43,0.012816064,0.006979256
01/24/17,1474010,0.56,0.009806159,0.003649412
01/23/17,1963628,1.78,0.020907837,0.002770118
01/20/17,1670045,0.35,0.006484311,0.005902702
01/19/17,919325,-0.48,0.009573971,-0.001178558
01/18/17,1294407,0.18,0.006469661,0.001491406
01/17/17,1362115,-0.4,0.008414014,-0.000990246
01/13/17,1099215,0.19,0.005612715,0.001388958
2001/12/17,1353057,-0.19,0.010193958,-0.000953076
2001/11/17,1065936,0.39,0.008392024,0.000260938
2001/10/17,1176780,-0.23,0.006983114,0.001500031
2001/9/17,1274645,0.06,0.00884696,0.000310116
2001/6/17,1640170,1.53,0.019470198,0.001561674
2001/5/17,1335167,0.9,0.011914058,-0.001042064
2001/4/17,1072958,0.1,0.010395222,0.002823924
2001/3/17,1657268,1.86,0.017592286,0.009056516
12/30/16,1769950,-1.4,0.016027053,-5.11E-05
12/29/16,744272,-0.29,0.008955148,-0.002190943
12/28/16,1153824,-0.82,0.014050061,0.00271619
12/27/16,789321,0.21,0.0128899,0.000974795
12/23/16,623944,-0.17,0.00691218,-0.000454971
12/22/16,972169,-0.42,0.005990446,-0.002768828
12/21/16,1211346,-0.23,0.012051525,-0.000728259
12/20/16,951014,0.28,0.00675523,0.003223369
12/19/16,1232087,0.43,0.014341476,-0.000733434
12/16/16,2443796,-0.88,0.013360938,0.003196089
12/15/16,1626499,0.1,0.012633954,0.000338741
12/14/16,1704150,0.12,0.012533404,0.001632961
12/13/16,2145209,0.87,0.013867529,0.00586618
2012/12/16,2104117,0,0.008735477,-0.005384586
2012/9/16,1821914,1.66,0.013187802,0.004610906
2012/8/16,1488059,0.68,0.014103192,0.00167274
2012/7/16,1760966,1.59,0.02017661,0.002489758
2012/6/16,1690689,-0.45,0.015136146,0.002898285
2012/5/16,1394223,1.6,0.014425851,0.009606929
2012/2/16,1452484,0.34,0.014523651,-0.004452348
2012/1/16,3017947,-1.34,0.030518638,-0.000791515
11/30/16,2392890,-1.66,0.023956519,-0.00099891
11/29/16,1616618,0.34,0.013310155,0.004282516
11/28/16,2188151,0.86,0.025682079,-0.002205651
11/25/16,587421,0.09,0.005881735,0.004297034
11/23/16,1478417,-0.95,0.017125718,-0.000702878
11/22/16,1593108,-0.12,0.012964192,0.004459178
11/21/16,1330639,1.14,0.011830473,0.00272175
11/18/16,1547145,-1.39,0.019722829,0.000181528
11/17/16,1304048,0.88,0.010982457,0.003191712
11/16/16,1472594,0.79,0.020733047,-0.004337565
11/15/16,2384001,3.04,0.023001147,0.014794588
11/14/16,3654385,-2.38,0.041177589,0.002095435
2011/11/16,2431815,-1.12,0.013792738,-0.007894461
2011/10/16,4745183,-2.9,0.051130403,0.007462021
2011/9/16,2607121,-0.66,0.024902905,-0.013371115
2011/8/16,1366873,1.02,0.01953549,0.001124572
2011/7/16,1585070,2.69,0.016152942,0.016377523
2011/4/16,2134812,-0.01,0.025982126,-0.015049926
2011/3/16,1943175,-0.85,0.014328264,-0.001886302
2011/2/16,1918414,-1.9,0.023676857,-0.006903945
2011/1/16,2406356,-0.12,0.017802223,-0.002103143
10/31/16,2427284,-1.36,0.016391771,0.000125728
10/28/16,4269902,0,0.027534355,0.016345005
10/27/16,2749221,-0.47,0.015075124,0.002415308
10/26/16,1647733,-1.06,0.013340508,-0.001646712
10/25/16,1576404,-0.67,0.014288014,0.00439055
10/24/16,1697514,1.72,0.012741204,0.006917948
10/21/16,1266181,0.3,0.006880418,-0.002471862
10/20/16,1757528,-0.57,0.009962734,0.002170767
10/19/16,1766798,0.79,0.008726733,0.004526821
10/18/16,2056903,1.96,0.020175792,0.010115903
10/17/16,1092973,0.18,0.010705677,0.001631279
10/14/16,852487,0.04,0.010211553,0.004446215
10/13/16,1365277,-1.01,0.010562973,-0.006258427
2010/12/16,937435,0.39,0.007721271,0.000881147
2010/11/16,1372461,-0.37,0.014941193,0.0009161
2010/10/16,1174923,1.4,0.017189607,0.003393198
2010/7/16,933158,-0.23,0.011495588,0.003604253
2010/6/16,1070692,0.05,0.006358932,0.003258336
2010/5/16,1461151,0.01,0.008268188,0.003709285
2010/4/16,1201350,0.5,0.007495846,0.004491561
2010/3/16,1278821,-0.61,0.008497722,-0.003911024
09/30/16,1585333,0.29,0.00881267,0.001703204
09/29/16,1314746,-0.84,0.014926259,-0.000153539
09/28/16,1109834,-0.19,0.008751727,-0.006589954
09/27/16,1153247,1.14,0.014919222,0.001666215
09/26/16,1533206,-1.61,0.012490151,-0.005286568
09/23/16,1411937,-0.04,0.006074469,-0.000787592
09/22/16,1486223,1.42,0.014494226,0.004869753
09/21/16,1167810,0.62,0.011413001,0.001620409
09/20/16,978631,0.75,0.006222372,0.004309782
09/19/16,1172824,-0.41,0.012484524,0.004604099
09/16/16,2049338,-0.37,0.006620019,-0.002604437
09/15/16,1346751,1.22,0.017933036,0.000524597
09/14/16,1094490,0.37,0.011239492,-0.000105306
09/13/16,1395046,-1.21,0.013715516,-0.005903618
2009/12/16,1310986,1.23,0.021182726,-0.005963194
2009/9/16,1885496,-2.02,0.017883,-0.006732704
2009/8/16,1270264,-0.64,0.008731878,-0.002255398
2009/7/16,894021,0.03,0.00836804,-0.000102554
2009/6/16,1442822,1.12,0.014101118,0.002579525
2009/2/16,1072658,0.35,0.007142172,0.005502224
2009/1/16,925131,0.23,0.008741122,0.002868131
08/31/16,1248556,-0.27,0.004836712,-0.002704495
08/30/16,1130029,-0.4,0.009915615,-0.00365214
08/29/16,847565,0.34,0.010846338,-0.001039582
08/26/16,1166681,0.02,0.013293526,-0.000532876
08/25/16,926883,-0.03,0.011314345,-0.003430175
08/24/16,1071999,-0.32,0.009653864,-0.001942804
08/23/16,928232,-0.01,0.006029168,0.004312634
08/22/16,951362,-0.42,0.005814634,-0.002772691
08/19/16,861546,-0.27,0.005119806,-0.003215434
08/18/16,719429,-0.31,0.007536977,0.00012822
08/17/16,924226,0.36,0.00933441,0.000231618
08/16/16,1028047,-0.68,0.009697094,-0.002735034
08/15/16,938186,-0.1,0.009432033,0.000676694
2008/12/16,740498,-0.21,0.003823958,-0.004268332
2008/11/16,975113,0.02,0.008638593,0.00040781
2008/10/16,786363,0.05,0.005141331,-0.000650295
2008/9/16,1318894,0.32,0.010672481,-0.000844249
2008/8/16,1107857,-0.06,0.00580613,-0.000281251
2008/5/16,1801205,1.38,0.013679016,0.002812302
2008/4/16,1140254,-0.2,0.006836355,-0.001241625
2008/3/16,1287421,0.27,0.00826457,-0.005044938
2008/2/16,1784525,-0.23,0.010362224,-0.005421281
2008/1/16,2700470,0.53,0.02502329,-0.010015739
07/29/16,3841482,3.07,0.01532278,0.035929268
07/28/16,3530169,0.56,0.012535024,0.007104628
07/27/16,1512517,0.45,0.010057026,-0.000189594
07/26/16,1186738,-0.18,0.010048482,-0.000986793
07/25/16,1032432,-0.4,0.006907552,-0.002786978
07/22/16,1259823,0.56,0.008993726,0.004372961
07/21/16,1026306,-0.35,0.007932253,-0.001119821
07/20/16,1289671,0.57,0.006786384,0.000502063
07/19/16,1227486,0.43,0.010841837,-0.005301316
07/18/16,1295476,1.94,0.020360326,0.00397305
07/15/16,1279339,-0.15,0.009286657,0.006630141
07/14/16,950193,0.55,0.005797906,0.0064158
07/13/16,935876,-0.51,0.009972384,0.004135213
2007/12/16,1336921,0.78,0.009755218,0.005635654
2007/11/16,1111762,1.34,0.012963403,0.003429559
2007/8/16,1575166,1.48,0.013144282,0.005953751
2007/7/16,1304200,-0.35,0.014359468,0.000444272
2007/6/16,1411925,0.47,0.018043195,-0.006493974
2007/5/16,1462616,-0.68,0.011605639,-0.004505084
2007/1/16,1344710,1.03,0.01218508,0.000144488
06/30/16,1597714,1.17,0.012527091,0.001987984
06/29/16,1932561,0.6,0.008798585,0.004352685
06/28/16,2173762,1.76,0.010778778,0.016026696
06/27/16,2641085,-1.03,0.013491755,-0.006249815
06/24/16,4449022,-3.8,0.023621931,-0.038041233
06/23/16,2171415,0.63,0.021300241,-1.43E-05
06/22/16,1184318,0.22,0.011152037,0.004483145
06/21/16,1465634,0.32,0.015461103,0.00676075
06/20/16,2082538,0.29,0.013074628,0.010191985
06/17/16,3402357,-2.62,0.029446105,-0.00240723
06/16/16,1982471,-1.19,0.018849597,-0.005577811
06/15/16,1214517,0.09,0.00788683,0.001016331
06/14/16,1306065,-0.01,0.013017389,-0.002617072
06/13/16,1258930,-0.15,0.012431093,-0.004031081
2006/10/16,1216443,-1.26,0.013149664,-0.012503774
2006/9/16,988914,0.04,0.009887644,-0.007428462
2006/8/16,1583701,1.62,0.010971055,0.010200237
2006/7/16,1336754,0.01,0.00757692,0.004591445
2006/6/16,1566059,-0.8,0.014374433,0.003557881
2006/3/16,1226253,-1.1,0.012362599,-0.001547097
2006/2/16,1341807,-0.51,0.012116648,-0.002247497
2006/1/16,1253593,-0.21,0.008921882,-0.001617463
05/31/16,2129545,0.42,0.011512532,-0.001255698
05/27/16,1974962,1.18,0.013561543,-0.000151909
05/26/16,1576286,-0.16,0.011116942,-0.003309112
05/25/16,1632564,0.72,0.010761923,0.000930439
05/24/16,1929467,2.25,0.019594773,0.003720323
05/23/16,1330692,-0.77,0.010363086,-0.004522783
05/20/16,1828387,1.35,0.019810071,0.001856294
05/19/16,1670234,-0.89,0.013136852,-0.006042766
05/18/16,1766836,0.06,0.01552439,-0.003624881
05/17/16,2001225,-1.43,0.024652026,-0.000697846
05/16/16,1317069,0.8,0.01790674,-0.00239157
05/13/16,1314499,-0.35,0.010413038,-0.001934643
2005/12/16,1361332,-0.28,0.014369629,0.002474521
2005/11/16,1692063,-1.09,0.016329041,0.00031804
2005/10/16,1569591,1.44,0.010758041,0.005400477
2005/9/16,1510289,0.25,0.012217702,0.001237485
2005/6/16,1829291,1.38,0.019340266,-0.00434826
2005/5/16,1683507,0.82,0.009409278,0.002874802
2005/4/16,1693525,0.48,0.015437689,-0.002700907
2005/3/16,1543785,-0.84,0.008434918,-0.001919193
2005/2/16,1645265,0.75,0.013806734,0.00666657
04/29/16,2487673,0.29,0.012438493,-0.000463084
04/28/16,2867255,-2.1,0.035628491,0.003428539
04/27/16,3098587,-0.32,0.023539187,-0.001200328
04/26/16,2744587,-2.08,0.032111729,0.003139044
04/25/16,1959179,0.61,0.011532877,-0.003714679
04/22/16,5951938,-5.32,0.031317389,-0.043259478
04/21/16,3060490,0.86,0.014358353,0.003600515
04/20/16,1529217,-0.17,0.010790293,0.005398379
04/19/16,2030526,-1.65,0.0272837,0.003782888
04/18/16,1558848,1,0.014022776,0.001923584
04/15/16,1809332,0.77,0.01094361,0.001035582
04/14/16,1135271,0.2,0.006113914,0.003046347
04/13/16,1707641,1.16,0.013461129,0.008168593
2004/12/16,1352992,0.95,0.017252284,0.002581171
2004/11/16,1220088,-0.41,0.012158674,0.005235744
2004/8/16,1290787,-0.15,0.013393763,0.0049846
2004/7/16,1453185,-0.73,0.014480926,-0.000429133
2004/6/16,1053713,1.07,0.014322306,-0.002751423
2004/5/16,1132294,-1,0.01007048,-0.009781427
2004/4/16,1134390,-0.62,0.013914047,0.000200024
2004/1/16,1576745,0.67,0.017788801,-0.008524062
03/31/16,1718798,-0.74,0.013302906,-0.001705461
03/30/16,1782427,0.77,0.012178061,0.007156572
03/29/16,1903758,1.53,0.024826456,0.001445067
03/28/16,1301327,-0.24,0.008847627,0.002026384
03/24/16,1594891,-0.37,0.009175847,-0.008197166
03/23/16,1432099,-0.36,0.01296629,0.002173473
03/22/16,1269749,-0.18,0.010178873,-0.006239135
03/21/16,1836503,0.61,0.012106753,-0.001491323
03/18/16,2980709,-0.02,0.013787961,0.005530104
03/17/16,1860834,0.23,0.009582802,0.000489071
03/16/16,1624370,1.07,0.017606543,-0.002691088
03/15/16,1720965,-0.3,0.01032499,-0.004887131
03/14/16,1718252,0.5,0.014168572,-1.38E-05
2003/11/16,1970815,1.96,0.013476514,0.010072669
2003/10/16,2833525,1.07,0.018349653,0.004083716
2003/9/16,1421515,1.62,0.016561738,0.00648443
2003/8/16,2076331,-0.17,0.026586164,-0.009451062
2003/7/16,2988026,-2.21,0.030483917,-0.005612683
2003/4/16,1972077,-0.21,0.014728017,0.003607423
2003/3/16,1957974,-0.89,0.018851239,-0.000236489
2003/2/16,1629003,0.01,0.011128886,0.000264326
2003/1/16,2151419,3.02,0.026488224,0.008383851
02/29/16,2481145,-1.04,0.01893174,-0.00673692
02/26/16,2243522,-0.1,0.017828017,0.004009919
02/25/16,1642166,0.88,0.021813673,0.000643261
02/24/16,1963573,0.53,0.027474412,-0.009959043
02/23/16,2009280,-1.5,0.021297693,-0.007091697
02/22/16,1949816,0.79,0.015188404,0.009330727
02/19/16,1589281,0.51,0.012883965,-0.00332688
02/18/16,1883248,-1.56,0.023402882,0.002258611
02/17/16,2492634,2.52,0.025931677,0.011577424
02/16/16,2520021,1.26,0.018740955,0.015504103
2002/12/16,2141373,-0.1,0.022201055,0.010466836
2002/11/16,3024043,-0.15,0.02998419,-0.013330995
2002/10/16,2638007,0.89,0.028036017,0.012903511
2002/9/16,3608914,-0.68,0.045907006,-0.015262032
2002/8/16,4247355,-0.12,0.030714474,-0.022996913
2002/5/16,5105725,-3.45,0.034875726,-0.005847375
2002/4/16,5168709,-2.61,0.035507973,-0.005695027
2002/3/16,6171019,-4.93,0.074282963,0.007284378
2002/2/16,6348126,1.68,0.032982319,0.043218085
2002/1/16,5139157,1.22,0.019401596,0.010108352
01/29/16,3474319,1.64,0.024483343,0.000779796
01/28/16,2676397,4.42,0.029194484,0.031757597
01/27/16,2194227,-1.83,0.034064772,0.000883541
01/26/16,1331691,0.19,0.016548861,0.003063218
01/25/16,1711716,-1.87,0.027639215,-0.002302654
01/22/16,2011797,2.64,0.011043089,0.024073366
01/21/16,2412211,1.17,0.03499908,0.005340397
01/20/16,3444962,-0.48,0.048092204,-0.018780547
01/19/16,2268078,1.06,0.023610909,0.012743898
01/15/16,3608109,-2.84,0.030772554,-0.031382919
01/14/16,2225768,2.02,0.045927076,0.00688021
01/13/16,2501730,-3.51,0.051573027,0.006583387
2001/12/16,2024509,1.4,0.015747146,0.007890731
2001/11/16,2090621,0.22,0.021388769,0.002995227
2001/8/16,2450857,-1.64,0.028314695,0.006965955
2001/7/16,2963741,-2.32,0.026762483,-0.017898927
2001/6/16,1947034,0.14,0.024555553,-0.016940936
2001/5/16,1950691,0.1,0.017991328,0.006214278
2001/4/16,3272776,-2.25,0.017257495,-0.020925575
12/31/15,1500923,-1.57,0.014705882,-0.001945525
12/30/15,1293521,-0.72,0.01387808,0
12/29/15,1765012,1.85,0.01744785,0.005481895
12/28/15,1515716,1.89,0.017665342,0.006039551
12/24/15,527223,-0.25,0.00632015,-0.001012915
12/23/15,1566726,0.04,0.013607709,0.004626667
12/22/15,1365520,0.3,0.012426667,0.005188761
12/21/15,1525703,1.14,0.013373096,0.009224818
12/18/15,3148743,-1.35,0.021614749,-0.003896295
12/17/15,1553418,-1.14,0.018253873,0.005711723
12/16/15,1993251,1.98,0.027905658,0.008878128
12/15/15,2666229,-0.58,0.020271725,0.006994129
12/14/15,2421236,1.2,0.032844324,0.003951981
2012/11/15,2224410,-1.41,0.012126626,-0.01107464
2012/10/15,1988380,-0.29,0.016038214,0.001649792
2012/9/15,2699990,-1.41,0.036227565,-0.004197437
2012/8/15,1829475,-0.12,0.01390401,-0.007022601
2012/7/15,1812314,-0.46,0.017870947,0.00125194
2012/4/15,2757283,1.9,0.024112883,0.000744146
2012/3/15,2590641,-1.29,0.031048183,0.004761405
2012/2/15,2230373,-0.61,0.022292033,0.002424906
2012/1/15,2134621,3.29,0.029007614,0.006073256
11/30/15,2097624,-1.02,0.018394829,-0.001932663
11/27/15,838528,0.28,0.007890598,0.000414355
11/25/15,1122224,-0.02,0.007939584,-0.000187096
11/24/15,2334197,-1.02,0.023586091,-0.00526469
11/23/15,1415385,-0.08,0.014401836,0.001123447
11/20/15,2213284,2.46,0.019719799,0.010996601
11/19/15,1327879,-0.21,0.006188974,-0.001702703
11/18/15,1684259,2.03,0.019472973,0.003143527
11/17/15,1510903,-0.5,0.012157728,0.0004527
11/16/15,1905893,1.67,0.024912204,-0.00195258
11/13/15,2075504,-1.95,0.020111576,-0.002817171
2011/12/15,1837154,-0.57,0.012520001,-0.005983138
2011/11/15,1366995,0.97,0.014645091,0.005684315
2011/10/15,1607994,0.47,0.016599764,-0.000675965
2011/9/15,2069807,-1.21,0.02107906,-0.004851723
2011/6/15,1511599,0.34,0.011447885,0.00034188
2011/5/15,1861550,0.43,0.013688889,0.00186785
2011/4/15,1706700,0.82,0.015382291,-0.000221558
2011/3/15,1565379,0.15,0.013750415,-0.00312019
2011/2/15,1886250,1.45,0.021869063,0.000351711
10/30/15,1908774,-0.85,0.011184423,-0.001659878
10/29/15,1455965,0.56,0.01150756,-0.003436426
10/28/15,2178917,0.63,0.013885967,-0.001637285
10/27/15,2245796,-0.6,0.012801874,-0.00757597
10/26/15,2716615,1.54,0.025098908,-0.000641026
10/23/15,6653923,7.7,0.040598291,0.116157044
10/22/15,4070954,1.43,0.021157121,0.006364669
10/21/15,1794172,-1.18,0.022004015,0.005951283
10/20/15,2498215,-2.38,0.031562819,-0.003092629
10/19/15,1477340,0.59,0.010869239,-0.00154032
10/16/15,1611128,0.07,0.011733615,0.003581467
10/15/15,1885737,1.62,0.013101822,0.005375023
10/14/15,1415468,-0.17,0.016186498,0.001395064
10/13/15,1807685,0.87,0.022478154,-0.005443271
2010/12/15,1276134,0.48,0.014675182,-0.002361679
2010/9/15,1648736,0.7,0.01658147,0.001314225
2010/8/15,2182081,-0.5,0.029554415,-0.001556759
2010/7/15,2092714,-0.48,0.028736223,0.005887457
2010/6/15,2236847,0.62,0.019708199,-0.004099958
2010/5/15,1803643,2.32,0.024958299,0.008119188
2010/2/15,2684805,2.56,0.038617983,-0.006690769
2010/1/15,1867601,0.47,0.02002323,-8.22E-05
09/30/15,2413441,2.26,0.01319812,0.013967091
09/29/15,2310284,0.01,0.024841589,0.004017549
09/28/15,3127667,-2.79,0.042402797,-0.002663529
09/25/15,2174009,-2.21,0.030671438,0.00634388
09/24/15,2240098,0.55,0.023841483,-0.009190822
09/23/15,1470949,-0.05,0.014348609,-0.001027799
09/22/15,2562869,-2.01,0.019463939,-0.013282135
09/21/15,1788506,0.98,0.016602669,0.008184346
09/18/15,5133386,-2.12,0.020627731,-0.009503811
09/17/15,2274690,1.09,0.024700576,0.002846001
09/16/15,1286454,0.13,0.00885248,0.00051957
09/15/15,2084397,1.91,0.023490884,0.005551633
09/14/15,1702271,-0.4,0.010317053,-0.000111862
2009/11/15,1373545,0.71,0.013359541,-0.002575038
2009/10/15,1905276,1.41,0.020487648,0.000620185
2009/9/15,1702094,-0.32,0.027614571,0.010672567
2009/8/15,2279538,2.32,0.019832102,0.019627102
2009/4/15,2089453,-0.92,0.013684035,-0.010309278
2009/3/15,1759572,-1.32,0.027857649,0.00432985
2009/2/15,2575620,2.77,0.023814175,0.01304806
2009/1/15,3702105,-3.31,0.031382258,-0.025701577
08/31/15,2176737,-1.92,0.029308532,-0.004505219
08/28/15,1978733,-1.13,0.019543767,-0.007512429
08/27/15,3491336,1.43,0.033860824,0.017148675
08/26/15,4235891,8,0.051955076,0.048603237
08/25/15,3537966,-1.28,0.062433426,0.04290972
08/24/15,5770302,-3.73,0.08302098,-0.064459248
08/21/15,4265183,-5.31,0.045258621,-0.010899309
08/20/15,2855299,-2.13,0.031059165,-0.0082312
08/19/15,2134098,0.73,0.01938266,0.000716321
08/18/15,1456059,-0.72,0.01606389,0.001558552
08/17/15,1051699,0.57,0.015343411,-0.000486973
08/14/15,1072061,0.1,0.010949294,-0.002193617
08/13/15,1810749,-0.47,0.01955823,-0.00035933
2008/12/15,2940803,-0.18,0.019270423,0.003480735
2008/11/15,5029203,4.27,0.031220679,0.055970208
2008/10/15,1809205,-0.25,0.019236899,0.006579569
2008/7/15,1403865,-1.15,0.020415552,-0.003812162
2008/6/15,1572600,-0.17,0.020428518,0.001895057
2008/5/15,2334266,2.31,0.022833887,0.008073103
2008/4/15,1490881,-0.31,0.01215733,-0.004420082
2008/3/15,1304511,0.9,0.012223507,-0.000431579
07/31/15,1706149,-1.1,0.01184444,-0.001912771
07/30/15,1474203,0.1,0.020819172,-0.003054136
07/29/15,1575069,0.63,0.01694808,0.001273885
07/28/15,1727327,0.12,0.015159236,0.00887989
07/27/15,2675381,0.59,0.022000446,-0.004105459
07/24/15,3625747,-3.22,0.041134775,0.004221767
07/23/15,3029109,-2.69,0.03512448,-0.001253587
07/22/15,3929309,-0.03,0.029663193,-0.002128945
07/21/15,3377196,-0.11,0.028234939,-0.011779434
07/20/15,5860872,-1.47,0.02393593,-0.020343869
07/17/15,11164940,16.05,0.043790587,0.11925498
07/16/15,4768318,3.5,0.027041476,0.008746564
07/15/15,1784554,-0.16,0.0173376,-0.001728747
07/14/15,3244066,2.66,0.03410925,0.000384228
07/13/15,2206475,3.1,0.026914098,0.005187407
2007/10/15,1956682,1.81,0.013223172,0.010774372
2007/9/15,1842347,0.74,0.006568334,0.012170346
2007/8/15,1296699,-1.56,0.012816593,-0.007561617
2007/7/15,1597229,0.41,0.020951583,0.000516391
2007/6/15,1280525,-0.1,0.011953487,-0.00745128
2007/2/15,1235903,0.3,0.006820787,-0.001456385
2007/1/15,1961354,0.26,0.014294669,0.008107433
06/30/15,2235595,-0.19,0.011046858,0.008628624
06/29/15,1937821,-1.91,0.015473999,-0.012563712
06/26/15,2109130,-0.66,0.012055897,0.003792762
06/25/15,1335697,-0.49,0.010593577,0.001915068
06/24/15,1286608,-0.49,0.008069314,-0.000888099
06/23/15,1197450,0.43,0.011561945,0.002694216
06/22/15,1250282,0.28,0.011538676,0.005403492
06/19/15,1893497,-0.01,0.009763551,0.000894304
06/18/15,1833109,1.41,0.013712667,0.003287609
06/17/15,1294216,0.21,0.011109851,0.00230995
06/16/15,1071814,0.18,0.007724889,0.002276176
06/15/15,1632702,-0.96,0.008156297,-0.008134052
2006/12/15,955789,-0.43,0.005560461,-0.005630273
2006/11/15,1217536,-0.39,0.011148314,0.003232779
2006/10/15,1814958,1.9,0.01678809,0.005069396
2006/9/15,1455266,-0.03,0.011752644,0.001385646
2006/8/15,1524139,-1.22,0.014957387,-3.75E-05
2006/5/15,1388220,-0.63,0.008775055,-0.000652133
2006/4/15,1348337,-0.67,0.011682504,-0.004719513
2006/3/15,1717036,0.21,0.011826544,0.001353908
2006/2/15,1938989,0.97,0.021643978,-0.001985056
2006/1/15,1904332,0.35,0.013165041,0.008795174
05/29/15,2597407,-1.42,0.013493451,-0.004464782
05/28/15,1029849,0,0.008077365,-0.003297579
05/27/15,1525019,1.4,0.016376739,0.000901713
05/26/15,2406512,-1.44,0.017132552,-0.003684435
05/22/15,1176214,-0.44,0.008664902,-0.00435015
05/21/15,1462695,0.6,0.014488028,-0.002447753
05/20/15,1430826,0.36,0.01844716,0.002102873
05/19/15,1966947,0.95,0.014180438,0.003156115
05/18/15,2003421,-0.29,0.01121548,-0.003446661
05/15/15,1971343,-0.85,0.016660672,0.001448737
05/14/15,1403935,1.66,0.01223997,0.007835807
05/13/15,1253063,0.11,0.010699237,0.002873129
2005/12/15,1634174,-1.24,0.015025064,-0.007653537
2005/11/15,905285,-0.47,0.012282994,0.000278696
2005/8/15,1527615,1.42,0.009568578,0.011211607
2005/7/15,1546278,1.24,0.022065197,-0.000438747
2005/6/15,1566987,-1.24,0.021546297,0.000828937
2005/5/15,1383068,-1.85,0.017613791,-0.004752395
2005/4/15,1307960,0.54,0.016661119,0.001171221
2005/1/15,1768181,0.1,0.013831567,0.002028511
04/30/15,2082214,-2.14,0.025198199,-0.002203686
04/29/15,1698761,-0.83,0.012338821,-0.005797573
04/28/15,1490983,-0.3,0.010211675,-0.001314439
04/27/15,2398039,-1.44,0.022957488,-0.000217032
04/24/15,4932541.5,3.3,0.02458154,0.034917648
04/23/15,4184838,1.42,0.019615939,0.003031432
04/22/15,1593612.8,1.01,0.017298037,0.000805435
04/21/15,1844720.6,-0.26,0.010702762,0.003978621
04/20/15,1680088.7,2.16,0.021648147,0.002957897
04/17/15,2151848.6,-1.83,0.016849607,-0.009629052
04/16/15,1299864.3,0.24,0.011202846,-0.004938751
04/15/15,2318863.3,0.4,0.021613662,-0.003186294
04/14/15,2604175.8,-1.63,0.017868923,-0.005415728
04/13/15,1645315.6,-0.16,0.012519221,-0.002963061
2004/10/15,1409434.3,-0.14,0.009221754,0.002791958
2004/9/15,1557852.9,-0.15,0.011945787,-0.00107086
2004/8/15,1178560,0.85,0.01009928,0.002532466
2004/7/15,1302866.5,0.05,0.01245766,0.002449753
2004/6/15,1324394.5,0.23,0.016468811,-0.006180785
2004/2/15,1716438.2,-1.3,0.013077198,-0.003151603
2004/1/15,1963094.8,-0.99,0.021453872,0.001094878
03/31/15,1588026.5,-0.73,0.014580393,-0.003677446
03/30/15,1287484.4,0.67,0.009601139,0.00598166
03/27/15,1897520.1,-1.23,0.013039506,-0.003908521
03/26/15,1572638.4,-0.65,0.014860308,-0.002138449
03/25/15,2152279,-2,0.02419541,0.000543659
03/24/15,2583309.6,2.04,0.023465927,0.006710763
03/23/15,1643808.3,-0.28,0.011685521,0.000124726
03/20/15,2616857.4,0.42,0.004764924,0.006559301
03/19/15,1197328.4,-0.27,0.008342353,-0.000196517
03/18/15,2134560.5,1.57,0.022841958,0.003013372
03/17/15,1805515.3,-0.66,0.010529419,-0.005049267
03/16/15,1640987.5,1.31,0.019566622,0.006632284
03/13/15,1703537.8,-1.47,0.025908201,-0.003618324
2003/12/15,1389577.9,0.79,0.01063885,0.00422737
2003/11/15,1820750,-0.69,0.013534513,0.000234277
2003/10/15,1792266,-2.43,0.018233865,-0.008086542
2003/9/15,1062245.4,0.21,0.011839777,-0.0014532
2003/6/15,1659005,-1.33,0.017474146,-0.000782216
2003/5/15,1389624,0.34,0.007821642,0.002877774
2003/4/15,1876834.5,-0.05,0.015871121,-0.003085643
2003/3/15,1704753.3,0.4,0.015462649,-0.00155772
2003/2/15,2129629,2.32,0.023453726,0.003814315
02/27/15,2410154.3,0.53,0.02114974,-0.002232477
02/26/15,2311550.3,2.13,0.026355507,-0.001213355
02/25/15,1826042.5,1.45,0.019811818,-0.000354251
02/24/15,1005146,0.79,0.015930145,-0.003590704
02/23/15,1457900.1,-1.31,0.013214816,-0.005381099
02/20/15,1445170.3,-0.72,0.014751116,0.000479143
02/19/15,990190.06,0.59,0.009394457,-0.003075665
02/18/15,1453068.8,-0.58,0.014786025,-0.002652981
02/17/15,1616867.7,-1.12,0.016413496,-0.003970748
02/13/15,1900331,1.12,0.012349245,0.000773618
2002/12/15,1620261.7,1.3,0.018689394,0.002388092
2002/11/15,1377743.5,-0.18,0.009464062,-0.003054218
2002/10/15,1749868.8,1.73,0.020076651,0.002784961
2002/9/15,1267748.4,-0.6,0.011329364,-0.005649843
2002/6/15,1763480,0.65,0.02032025,0.000113583
2002/5/15,1849753.4,0.92,0.012149923,0.001970448
2002/4/15,1663681.6,-1.22,0.021810257,0
2002/3/15,2038668.8,0.14,0.019159611,-0.00090835
2002/2/15,2849781.5,-1.13,0.027342639,-0.005219714
01/30/15,5606332,4.67,0.045554932,0.010182945
01/29/15,4186390,0.13,0.01936711,0.001960822
01/28/15,1683842,-1.66,0.025470626,0.008001728
01/27/15,1904059,-3.1,0.024121288,-0.009790665
01/26/15,1543752.1,-0.88,0.017432585,-0.002629705
01/23/15,2281734.9,1.04,0.016983085,0.002245526
01/22/15,2676889.6,3.16,0.031119682,0.006640457
01/21/15,2268668.5,2.2,0.02524893,0.00069039
01/20/15,2232035.2,-0.23,0.012791475,0.005747122
01/16/15,2298337.6,1.25,0.016119473,-0.003547231
01/15/15,2718801.5,0.18,0.01578338,0.009383618
01/14/15,2235761.7,0.95,0.020424419,-0.003083439
01/13/15,2372184.3,0.74,0.021343094,0.012770314
2001/12/15,2326819,-0.73,0.017086653,-0.002478926
2001/9/15,2071388.4,-1.3,0.020416422,0.004137955
2001/8/15,3353580,0.32,0.024826953,-0.006206382
2001/7/15,2065022,-0.17,0.015154699,0.01004069
2001/6/15,2899892.8,-2.32,0.030131937,0.002198912
2001/5/15,2059880,-2.08,0.021931654,-0.002953269
2001/2/15,1450635.3,-0.3,0.013662239,0.004958204
12/31/14,1375586.8,-0.76,0.012917942,0.001564672
12/30/14,876323.2,0.02,0.00757909,-0.004223946
12/29/14,2282355,-0.69,0.010312539,-0.003445761
12/26/14,1040577.1,0.99,0.012995613,0
12/24/14,705968.6,-0.34,0.008962288,-0.000150812
12/23/14,2197586,1.09,0.015586518,0.004058155
12/22/14,2731079.6,1.65,0.019776192,-0.000522784
12/19/14,3690255.6,1.03,0.020934031,0.000802178
12/18/14,2926746.6,1.23,0.017941608,0.015963885
12/17/14,2883178,1.92,0.020182594,0.003250025
12/16/14,3964228.8,-3.58,0.048547553,-0.004359664
12/15/14,2820511.2,-0.94,0.019131888,0.007866377
2012/12/14,1994580,-1.83,0.018972066,-0.009141781
2012/11/14,1615388.4,0.43,0.012908391,0.003307543
2012/10/14,1721550.3,-1.37,0.020473063,-0.000543627
2012/9/14,1876407.5,1.21,0.025666981,-0.009184327
2012/8/14,2333518.6,0.33,0.013681825,0.003560011
2012/5/14,2565676.3,-2.24,0.016391924,-0.011743746
2012/4/14,1396031.7,1.13,0.016284574,-0.000301133
2012/3/14,1282801.4,-0.46,0.012677859,-0.004327657
